{
	"credit": "Made with Blockbench",
	"parent": "item/generated",
	"textures": {
		"layer0": "./truthseeker"
	},
	"gui_light": "front",
	"display": {
		"thirdperson_righthand": {
			"rotation": [0, -90, 45],
			"translation": [-0.5, 16.75, 2.25],
			"scale": [2, 2, 1]
		},
		"thirdperson_lefthand": {
			"rotation": [0, 90, -45],
			"translation": [0.25, 17, 2.5],
			"scale": [2, 2, 1]
		},
		"firstperson_righthand": {
			"rotation": [0, -90, 60],
			"translation": [1.5, 11.25, 0.5],
			"scale": [1.24, 1.24, 0.54]
		},
		"firstperson_lefthand": {
			"rotation": [0, 90, -60],
			"translation": [0.5, 11.25, 1],
			"scale": [1.24, 1.24, 0.54]
		},
		"ground": {
			"translation": [0, 12, 0],
			"scale": [2, 2, 1]
		},
		"gui": {
			"rotation": [0, -180, 90],
			"translation": [5.75, 6, 0],
			"scale": [2, 2, 1]
		},
		"fixed": {
			"rotation": [0, 0, 90],
			"translation": [-5.25, 5.25, -0.75],
			"scale": [2, 2, 1]
		}
	}
}