{
	"credit": "Made with Blockbench",
	"parent": "item/generated",
	"textures": {
		"layer0": "slayer_crossbow/slayer_crossbow"
	},
	"display": {
		"thirdperson_righthand": {
			"rotation": [-90, 0, -60],
			"translation": [10.5, 0.6, -1.25],
			"scale": [1.8, 1.8, 0.9]
		},
		"thirdperson_lefthand": {
			"rotation": [-90, 0, 30],
			"translation": [-6.75, 0.6, -6],
			"scale": [1.8, 1.8, 0.9]
		},
		"firstperson_righthand": {
			"rotation": [-90, 0, -55],
			"translation": [9, 3.2, 2],
			"scale": [1.36, 1.36, 0.68]
		},
		"firstperson_lefthand": {
			"rotation": [-90, 0, 35],
			"translation": [-4.25, 3.2, 0],
			"scale": [1.36, 1.36, 0.68]
		},
		"ground": {
			"translation": [0, 11.75, 0],
			"scale": [2, 2, 1]
		},
		"gui": {
			"translation": [6.5, 7.5, 0],
			"scale": [2, 2, 1]
		},
		"fixed": {
			"translation": [7, 7, 0],
			"scale": [2, 2, 1]
		}
	}
}