{"parent":"minecraft:item/generated","textures":{"layer0":"minecraft:item/bow"},"display":{"thirdperson_righthand":{"rotation":[-80,260,-40],"translation":[-1,-2,2.5],"scale":[0.9,0.9,0.9]},"thirdperson_lefthand":{"rotation":[-80,-280,40],"translation":[-1,-2,2.5],"scale":[0.9,0.9,0.9]},"firstperson_righthand":{"rotation":[0,-90,25],"translation":[1.13,3.2,1.13],"scale":[0.68,0.68,0.68]},"firstperson_lefthand":{"rotation":[0,90,-25],"translation":[1.13,3.2,1.13],"scale":[0.68,0.68,0.68]}},"overrides":[{"predicate":{"pulling":1},"model":"minecraft:item/bow_pulling_0"},{"predicate":{"pulling":1,"pull":0.65},"model":"minecraft:item/bow_pulling_1"},{"predicate":{"pulling":1,"pull":0.9},"model":"minecraft:item/bow_pulling_2"},{"predicate":{"custom_model_data":9e4},"model":"stellarity:item/sharanga/sharanga"},{"predicate":{"pulling":1,"custom_model_data":9e4},"model":"stellarity:item/sharanga/sharanga_pull_0"},{"predicate":{"pulling":1,"pull":0.65,"custom_model_data":9e4},"model":"stellarity:item/sharanga/sharanga_pull_1"},{"predicate":{"pulling":1,"pull":0.9,"custom_model_data":9e4},"model":"stellarity:item/sharanga/sharanga_pull_2"},{"predicate":{"custom_model_data":90001},"model":"stellarity:item/sabrewing/sabrewing"},{"predicate":{"pulling":1,"custom_model_data":90001},"model":"stellarity:item/sabrewing/sabrewing_pull_0"},{"predicate":{"pulling":1,"pull":0.65,"custom_model_data":90001},"model":"stellarity:item/sabrewing/sabrewing_pull_1"},{"predicate":{"pulling":1,"pull":0.9,"custom_model_data":90001},"model":"stellarity:item/sabrewing/sabrewing_pull_2"}]}