{
	"parent":"minecraft:item/generated",
	"textures":{
		"layer0":"minecraft:item/cooked_cod"
	},
	"overrides":[
		{
			"predicate":{
				"custom_model_data":90001
			},
			"model":"stellarity:item/fish/prismite"
		},
        {
			"predicate":{
				"custom_model_data":90002
			},
			"model":"stellarity:item/fish/crystal_heartfish"
		},
        {
			"predicate":{
				"custom_model_data":90003
			},
			"model":"stellarity:item/fish/overgrown_cod"
		},
        {
			"predicate":{
				"custom_model_data":90004
			},
			"model":"stellarity:item/fish/crimson_tigerfish"
		},
        {
			"predicate":{
				"custom_model_data":90005
			},
			"model":"stellarity:item/fish/fleshy_piranha"
		},
        {
			"predicate":{
				"custom_model_data":90006
			},
			"model":"stellarity:item/fish/frost_minnow"
		},
        {
			"predicate":{
				"custom_model_data":90009
			},
			"model":"stellarity:item/fish/amethyst_budfish"
		},
        {
			"predicate":{
				"custom_model_data":90010
			},
			"model":"stellarity:item/fish/flarefin_koi"
		}
	]
}
