{"parent":"minecraft:item/handheld","textures":{"layer0":"minecraft:item/diamond_sword"},"overrides":[{"predicate":{"custom_model_data":9e4},"model":"stellarity:item/spirit_dagger"},{"predicate":{"custom_model_data":90001},"model":"stellarity:item/frigid_harvester/base"},{"predicate":{"custom_model_data":90002},"model":"stellarity:item/frigid_harvester/tier_1"},{"predicate":{"custom_model_data":90003},"model":"stellarity:item/frigid_harvester/tier_2"},{"predicate":{"custom_model_data":90004},"model":"stellarity:item/frigid_harvester/tier_3"}]}