{
	"parent":"minecraft:item/handheld",
	"textures":{
		"layer0":"minecraft:item/netherite_sword"
	},
	"overrides":[
		{
			"predicate":{
				"custom_model_data":90000
			},
			"model":"stellarity:item/dragonblade"
		},
		{
			"predicate":{
				"custom_model_data":90001
			},
			"model":"stellarity:item/shulker_tools/sword"
		},
		{
			"predicate":{
				"custom_model_data":90002
			},
			"model":"stellarity:item/tamaris"
		},
		{
			"predicate":{
				"custom_model_data":90003
			},
			"model":"stellarity:item/stella"
		},
		{
			"predicate":{
				"custom_model_data":90004
			},
			"model":"stellarity:item/kaleidoscope"
		}
	]
}