{
    "variants": {
        "bites=0": [{ "model": "block/cake/cake_uneaten" }, { "model": "block/cake/cake_uneaten1" }, { "model": "block/cake/cake_uneaten2" }, { "model": "block/cake/cake_uneaten3" }, { "model": "block/cake/cake_uneatenma" }, { "model": "block/cake/cake_uneatenpm" }, { "model": "block/cake/cake_uneatenro" }, { "model": "block/cake/cake_uneatenswk" } ],
        "bites=1": [{ "model": "block/cake/cake_slice1" }, { "model": "block/cake/cake_slice11" }, { "model": "block/cake/cake_slice12" }, { "model": "block/cake/cake_slice13" }, { "model": "block/cake/cake_slice1ma" }, { "model": "block/cake/cake_slice1pm" }, { "model": "block/cake/cake_slice1ro" }, { "model": "block/cake/cake_slice1swk" } ],
        "bites=2": [{ "model": "block/cake/cake_slice2" }, { "model": "block/cake/cake_slice21" }, { "model": "block/cake/cake_slice22" }, { "model": "block/cake/cake_slice23" }, { "model": "block/cake/cake_slice2ma" }, { "model": "block/cake/cake_slice2pm" }, { "model": "block/cake/cake_slice2ro" }, { "model": "block/cake/cake_slice2swk" }],
        "bites=3": [{ "model": "block/cake/cake_slice3" }, { "model": "block/cake/cake_slice31" }, { "model": "block/cake/cake_slice32" }, { "model": "block/cake/cake_slice33" }, { "model": "block/cake/cake_slice3ma" }, { "model": "block/cake/cake_slice3pm" }, { "model": "block/cake/cake_slice3ro" }, { "model": "block/cake/cake_slice3swk" }],
        "bites=4": [{ "model": "block/cake/cake_slice4" }, { "model": "block/cake/cake_slice41" }, { "model": "block/cake/cake_slice42" }, { "model": "block/cake/cake_slice43" }, { "model": "block/cake/cake_slice4ma" }, { "model": "block/cake/cake_slice4pm" }, { "model": "block/cake/cake_slice4ro" }, { "model": "block/cake/cake_slice4swk" }],
        "bites=5": [{ "model": "block/cake/cake_slice5" }, { "model": "block/cake/cake_slice51" }, { "model": "block/cake/cake_slice52" }, { "model": "block/cake/cake_slice53" }, { "model": "block/cake/cake_slice5ma" }, { "model": "block/cake/cake_slice5pm" }, { "model": "block/cake/cake_slice5ro" }, { "model": "block/cake/cake_slice5swk" }],
        "bites=6": [{ "model": "block/cake/cake_slice6" }, { "model": "block/cake/cake_slice61" }, { "model": "block/cake/cake_slice62" }, { "model": "block/cake/cake_slice63" }, { "model": "block/cake/cake_slice6ma" }, { "model": "block/cake/cake_slice6pm" }, { "model": "block/cake/cake_slice6ro" }, { "model": "block/cake/cake_slice6swk" }]
    }
}
