{
	"credit": "Made with Blockbench",
	"parent": "item/generated",
	"textures": {
		"layer0": "growing_staff/Wachturmstab"
	},
	"gui_light": "front",
	"display": {
		"thirdperson_righthand": {
			"rotation": [0, 90, 45],
			"translation": [0, 8.5, 2.25],
			"scale": [2, 2, 1]
		},
		"thirdperson_lefthand": {
			"rotation": [68, -180, 0],
			"translation": [2, -3.25, 13.5],
			"scale": [2, 2, 1]
		},
		"firstperson_righthand": {
			"rotation": [-20, 72, 30],
			"translation": [2.5, 7.5, 0],
			"scale": [1.36, 1.36, 0.68]
		},
		"firstperson_lefthand": {
			"rotation": [-8, -109, -30],
			"translation": [1, 7, 1.75],
			"scale": [1.36, 1.36, 0.68]
		},
		"ground": {
			"translation": [0, 12, 0],
			"scale": [2, 2, 1]
		},
		"gui": {
			"rotation": [0, -180, 0],
			"translation": [-6.75, 6.5, 0],
			"scale": [2, 2, 2]
		},
		"fixed": {
			"translation": [6.5, 6.5, -0.5],
			"scale": [2, 2, 1]
		}
	}
}