{
	"parent": "block/block",
	"textures": {
		"particle": "minecraft:block/azalea_top",
		"top": "minecraft:block/azalea_top",
		"side": "minecraft:block/azalea_side",
		"plant": "block/azalea_plant"
	},
	"elements": [ 	 
		{   "from": [ 0, 16, 0 ],
            "to": [ 16, 16, 16 ],
            "faces": {
                "down":  { "uv": [ 16,  16, 0, 0 ], "texture": "#top" },
                "up":    { "uv": [ 0,  0, 16, 16 ], "texture": "#top" }
            }
        },
        {   "from": [ 0, 5, 0 ],
            "to": [ 16, 16, 0 ],
            "faces": {
                "north": { "uv": [ 0, 0, 16, 10 ], "texture": "#side"},
                "south": { "uv": [ 0, 0, 16, 10 ], "texture": "#side"}
            }
        },
        {   "from": [ 0, 5, 16 ],
            "to": [ 16, 16, 16 ],
            "faces": {
                "north": { "uv": [ 0, 0, 16, 10 ], "texture": "#side"},
                "south": { "uv": [ 0, 0, 16, 10 ], "texture": "#side"}
            }
        },
        {   "from": [ 0, 5, 0 ],
            "to": [ 0, 16, 16 ],
            "faces": {
                "west":  { "uv": [ 16, 0, 0, 10 ], "texture": "#side"},
                "east":  { "uv": [ 0, 0, 16, 10 ], "texture": "#side"}
            }
        },
        {   "from": [ 16, 5, 0 ],
            "to": [ 16, 16, 16 ],
            "faces": {
                "west":  { "uv": [ 16, 0, 0, 10 ], "texture": "#side"},
                "east":  { "uv": [ 0, 0, 16, 10 ], "texture": "#side"}
            }
        },
        {   "from": [ 0.8, 0, 8 ],
            "to": [ 15.2, 15.8, 8 ],
            "rotation": { "origin": [ 8, 8, 8 ], "axis": "y", "angle": 45, "rescale": true },
            "faces": {
                "north": { "uv": [ 0, 0, 16, 16 ], "texture": "#plant" },
                "south": { "uv": [ 0, 0, 16, 16 ], "texture": "#plant" }
            }
        },
        {   "from": [ 8, 0, 0.8 ],
            "to": [ 8, 15.8, 15.2 ],
            "rotation": { "origin": [ 8, 8, 8 ], "axis": "y", "angle": 45, "rescale": true },
            "faces": {
                "west": { "uv": [ 0, 0, 16, 16 ], "texture": "#plant" },
                "east": { "uv": [ 0, 0, 16, 16 ], "texture": "#plant" }
            }
        },
		{
			"from": [ -6.6876, -8, 13.7498 ],
			"to": [ 25.3124, 24, 13.7508 ],
			"rotation": { "origin": [ -6.5, -10, 13.625 ], "axis": "y", "angle": 22.5 },
			"shade": false,
			"faces": {
				"north": { "uv": [ 0, 0, 16, 16 ], "texture": "#bushy_upper", "tintindex": 0 },
				"south": { "uv": [ 0, 0, 16, 16 ], "texture": "#bushy_upper", "tintindex": 0 }
			}
		},
		{
			"from": [ 13.9999, -8, -9.3125 ],
			"to": [ 14.0009, 24, 22.6875 ],
			"rotation": { "origin": [ 13.875, -10, 22.5 ], "axis": "y", "angle": 22.5 },
			"shade": false,
			"faces": {
				"west": { "uv": [ 0, 0, 16, 16 ], "texture": "#bushy_upper", "tintindex": 0 },
				"east": { "uv": [ 0, 0, 16, 16 ], "texture": "#bushy_upper", "tintindex": 0 }
			}
		}
	]
}