{
	"credit": "Made with Blockbench",
	"parent": "block/block",
	"texture_size": [32, 32],
	"textures": {
		"3": "block/mangrove_roots_inner",
		"side": "block/mangrove_roots_side",
		"top": "block/mangrove_roots_top",
		"particle": "#side"
	},
	"elements": [
		{
			"from": [-8, -8, 8],
			"to": [24, 24, 8],
			"faces": {
				"north": {"uv": [0, 0, 16, 16], "texture": "#3"},
				"east": {"uv": [0, 0, 16, 16], "texture": "#3"},
				"south": {"uv": [0, 0, 16, 16], "texture": "#3"},
				"west": {"uv": [0, 0, 16, 16], "texture": "#3"},
				"up": {"uv": [0, 0, 16, 16], "texture": "#3"},
				"down": {"uv": [0, 0, 16, 16], "texture": "#3"}
			}
		},
		{
			"from": [8, -8, -8],
			"to": [8, 24, 24],
			"faces": {
				"north": {"uv": [0, 0, 16, 16], "texture": "#3"},
				"east": {"uv": [0, 0, 16, 16], "texture": "#3"},
				"south": {"uv": [0, 0, 16, 16], "texture": "#3"},
				"west": {"uv": [0, 0, 16, 16], "texture": "#3"},
				"up": {"uv": [0, 0, 16, 16], "texture": "#3"},
				"down": {"uv": [0, 0, 16, 16], "texture": "#3"}
			}
		},
		{
			"from": [0, 15.998, 0],
			"to": [16, 16, 16],
			"faces": {
				"north": {"uv": [0, 0, 8, 8], "texture": "#top", "cullface": "up"},
				"east": {"uv": [0, 0, 8, 8], "texture": "#top", "cullface": "up"},
				"south": {"uv": [0, 0, 8, 8], "texture": "#top", "cullface": "up"},
				"west": {"uv": [0, 0, 8, 8], "texture": "#top", "cullface": "up"},
				"up": {"uv": [0, 0, 8, 8], "texture": "#top", "cullface": "up"},
				"down": {"uv": [0, 0, 8, 8], "texture": "#top", "cullface": "up"}
			}
		},
		{
			"from": [0, 0, 0],
			"to": [16, 0.002, 16],
			"faces": {
				"north": {"uv": [0, 0, 8, 8], "texture": "#top", "cullface": "down"},
				"east": {"uv": [0, 0, 8, 8], "texture": "#top", "cullface": "down"},
				"south": {"uv": [0, 0, 8, 8], "texture": "#top", "cullface": "down"},
				"west": {"uv": [0, 0, 8, 8], "texture": "#top", "cullface": "down"},
				"up": {"uv": [0, 0, 8, 8], "texture": "#top", "cullface": "down"},
				"down": {"uv": [0, 0, 8, 8], "texture": "#top", "cullface": "down"}
			}
		},
		{
			"from": [0, 0, 0],
			"to": [16, 16, 0.002],
			"faces": {
				"north": {"uv": [0, 0, 8, 8], "texture": "#side", "cullface": "north"},
				"east": {"uv": [0, 0, 8, 8], "texture": "#side", "cullface": "north"},
				"south": {"uv": [0, 0, 8, 8], "texture": "#side", "cullface": "north"},
				"west": {"uv": [0, 0, 8, 8], "texture": "#side", "cullface": "north"},
				"up": {"uv": [0, 0, 8, 8], "texture": "#side", "cullface": "north"},
				"down": {"uv": [0, 0, 8, 8], "texture": "#side", "cullface": "north"}
			}
		},
		{
			"from": [0, 0, 15.998],
			"to": [16, 16, 16],
			"faces": {
				"north": {"uv": [0, 0, 8, 8], "texture": "#side", "cullface": "south"},
				"east": {"uv": [0, 0, 8, 8], "texture": "#side", "cullface": "south"},
				"south": {"uv": [0, 0, 8, 8], "texture": "#side", "cullface": "south"},
				"west": {"uv": [0, 0, 8, 8], "texture": "#side", "cullface": "south"},
				"up": {"uv": [0, 0, 8, 8], "texture": "#side", "cullface": "south"},
				"down": {"uv": [0, 0, 8, 8], "texture": "#side", "cullface": "south"}
			}
		},
		{
			"from": [0, 0, 0],
			"to": [0.002, 16, 16],
			"faces": {
				"north": {"uv": [0, 0, 8, 8], "texture": "#side", "cullface": "west"},
				"east": {"uv": [0, 0, 8, 8], "texture": "#side", "cullface": "west"},
				"south": {"uv": [0, 0, 8, 8], "texture": "#side", "cullface": "west"},
				"west": {"uv": [0, 0, 8, 8], "texture": "#side", "cullface": "west"},
				"up": {"uv": [0, 0, 8, 8], "texture": "#side", "cullface": "west"},
				"down": {"uv": [0, 0, 8, 8], "texture": "#side", "cullface": "west"}
			}
		},
		{
			"from": [15.998, 0, 0],
			"to": [16, 16, 16],
			"faces": {
				"north": {"uv": [0, 0, 8, 8], "texture": "#side", "cullface": "east"},
				"east": {"uv": [0, 0, 8, 8], "texture": "#side", "cullface": "east"},
				"south": {"uv": [0, 0, 8, 8], "texture": "#side", "cullface": "east"},
				"west": {"uv": [0, 0, 8, 8], "texture": "#side", "cullface": "east"},
				"up": {"uv": [0, 0, 8, 8], "texture": "#side", "cullface": "east"},
				"down": {"uv": [0, 0, 8, 8], "texture": "#side", "cullface": "east"}
			}
		}
	]
}