{
	"credit": "Made with Blockbench",
	"textures": {
		"0": "block/glass",
		"1": "block/honey_block_top",
		"particle": "block/glass"
	},
	"elements": [
		{
			"from": [5, 0, 5],
			"to": [11, 1, 11],
			"faces": {
				"north": {"uv": [10, 0, 16, 1], "texture": "#0"},
				"east": {"uv": [10, 15, 16, 16], "texture": "#0"},
				"south": {"uv": [0, 0, 6, 1], "texture": "#0"},
				"west": {"uv": [0, 15, 6, 16], "texture": "#0"},
				"up": {"uv": [0, 0, 16, 16], "texture": "#0"},
				"down": {"uv": [0, 0, 16, 16], "texture": "#0"}
			}
		},
		{
			"from": [5, 1, 6],
			"to": [6, 9, 11],
			"faces": {
				"east": {"uv": [7, 15, 15, 1], "texture": "#0"},
				"south": {"uv": [0, 0, 2, 15], "texture": "#0"},
				"west": {"uv": [10, 0, 0, 15], "texture": "#0"},
				"up": {"uv": [0, 0, 1, 6], "texture": "#0"},
				"down": {"uv": [1, 5, 7, 13], "texture": "#0"}
			}
		},
		{
			"from": [10, 1, 5],
			"to": [11, 9, 10],
			"faces": {
				"north": {"uv": [0, 0, 2, 15], "texture": "#0"},
				"east": {"uv": [6, 16, 16, 1], "texture": "#0"},
				"west": {"uv": [1, 1, 10, 15], "texture": "#0"},
				"up": {"uv": [15, 10, 16, 16], "texture": "#0"},
				"down": {"uv": [6, 7, 12, 15], "texture": "#0"}
			}
		},
		{
			"from": [5, 1, 5],
			"to": [10, 9, 6],
			"faces": {
				"north": {"uv": [8, 0, 16, 12], "texture": "#0"},
				"south": {"uv": [6, 1, 15, 15], "texture": "#0"},
				"west": {"uv": [0, 0, 2, 15], "texture": "#0"},
				"up": {"uv": [0, 0, 4, 1], "texture": "#0"},
				"down": {"uv": [1, 1, 5, 2], "texture": "#0"}
			}
		},
		{
			"from": [6, 1, 10],
			"to": [11, 9, 11],
			"faces": {
				"north": {"uv": [12, 1, 1, 15], "texture": "#0"},
				"east": {"uv": [0, 0, 2, 15], "texture": "#0"},
				"south": {"uv": [6, 16, 16, 1], "texture": "#0"},
				"up": {"uv": [12, 0, 16, 1], "texture": "#0"}
			}
		},
		{
			"from": [7.5, 7, 3],
			"to": [8.5, 8, 5],
			"faces": {
				"north": {"uv": [14, 15, 16, 16], "texture": "#0"},
				"east": {"uv": [14, 15, 16, 16], "texture": "#0"},
				"south": {"uv": [14, 15, 16, 16], "texture": "#0"},
				"west": {"uv": [14, 15, 16, 16], "texture": "#0"},
				"up": {"uv": [14, 15, 16, 16], "texture": "#0"},
				"down": {"uv": [14, 15, 16, 16], "texture": "#0"}
			}
		},
		{
			"from": [7.5, 3, 3],
			"to": [8.5, 4, 5],
			"faces": {
				"north": {"uv": [0, 0, 2, 1], "texture": "#0"},
				"east": {"uv": [0, 0, 2, 1], "texture": "#0"},
				"south": {"uv": [0, 0, 2, 1], "texture": "#0"},
				"west": {"uv": [0, 0, 2, 1], "texture": "#0"},
				"up": {"uv": [0, 0, 2, 1], "texture": "#0"},
				"down": {"uv": [0, 0, 2, 1], "texture": "#0"}
			}
		},
		{
			"from": [7.5, 3.5, 2],
			"to": [8.5, 7.5, 3],
			"faces": {
				"north": {"uv": [15, 7, 16, 11], "texture": "#0"},
				"east": {"uv": [15, 7, 16, 11], "texture": "#0"},
				"south": {"uv": [15, 7, 16, 11], "texture": "#0"},
				"west": {"uv": [15, 7, 16, 11], "texture": "#0"},
				"up": {"uv": [15, 7, 16, 11], "texture": "#0"},
				"down": {"uv": [15, 7, 16, 11], "texture": "#0"}
			}
		},
		{
			"from": [6, 1, 6],
			"to": [10, 7, 10],
			"faces": {
				"north": {"uv": [4, 4, 8, 10], "texture": "#1"},
				"east": {"uv": [0, 4, 4, 10], "texture": "#1"},
				"south": {"uv": [8, 4, 12, 10], "texture": "#1"},
				"west": {"uv": [12, 4, 16, 10], "texture": "#1"},
				"up": {"uv": [4, 0, 8, 4], "texture": "#1"},
				"down": {"uv": [8, 10, 12, 14], "texture": "#1"}
			}
		}
	]
}