{
	"credit": "Made with Blockbench",
	"textures": {
		"texture": "block/flower_pot_wood"
	},
	"elements": [
		{
			"name": "water",
			"from": [7, 4, 7],
			"to": [10, 4, 10],
			"rotation": {"angle": 0, "axis": "y", "origin": [14, 12, 14]},
			"faces": {
				"north": {"uv": [6, 7, 9, 10], "texture": "#texture"},
				"east": {"uv": [6, 7, 9, 10], "texture": "#texture"},
				"south": {"uv": [6, 7, 9, 10], "texture": "#texture"},
				"west": {"uv": [6, 7, 9, 10], "texture": "#texture"},
				"up": {"uv": [6, 7, 9, 10], "texture": "#texture"},
				"down": {"uv": [6, 7, 9, 10], "texture": "#texture"}
			}
		},
		{
			"from": [7, 0, 6],
			"to": [10, 5, 7],
			"rotation": {"angle": 0, "axis": "y", "origin": [14, 8, 14]},
			"faces": {
				"north": {"uv": [8, 10, 11, 15], "texture": "#texture"},
				"east": {"uv": [8, 10, 9, 15], "texture": "#texture"},
				"south": {"uv": [8, 10, 11, 15], "texture": "#texture"},
				"west": {"uv": [10, 10, 11, 15], "texture": "#texture"},
				"up": {"uv": [11, 10, 8, 11], "texture": "#texture"},
				"down": {"uv": [8, 14, 11, 15], "texture": "#texture"}
			}
		},
		{
			"from": [10, 0, 7],
			"to": [11, 5, 10],
			"rotation": {"angle": 0, "axis": "y", "origin": [14, 8, 14]},
			"faces": {
				"north": {"uv": [7, 10, 8, 15], "texture": "#texture"},
				"east": {"uv": [5, 10, 8, 15], "texture": "#texture"},
				"south": {"uv": [5, 10, 6, 15], "texture": "#texture"},
				"west": {"uv": [8, 10, 5, 15], "texture": "#texture"},
				"up": {"uv": [8, 10, 5, 11], "rotation": 90, "texture": "#texture"},
				"down": {"uv": [5, 14, 8, 15], "rotation": 90, "texture": "#texture"}
			}
		},
		{
			"from": [6, 0, 7],
			"to": [7, 5, 10],
			"rotation": {"angle": 0, "axis": "y", "origin": [10, 8, 14]},
			"faces": {
				"north": {"uv": [8, 1, 9, 6], "texture": "#texture"},
				"east": {"uv": [8, 6, 11, 1], "texture": "#texture"},
				"south": {"uv": [11, 6, 10, 1], "texture": "#texture"},
				"west": {"uv": [8, 6, 11, 1], "texture": "#texture"},
				"up": {"uv": [8, 5, 11, 6], "rotation": 90, "texture": "#texture"},
				"down": {"uv": [11, 1, 8, 2], "rotation": 90, "texture": "#texture"}
			}
		},
		{
			"from": [7, 0, 10],
			"to": [10, 5, 11],
			"rotation": {"angle": 0, "axis": "y", "origin": [14, 8, 18]},
			"faces": {
				"north": {"uv": [5, 1, 8, 6], "texture": "#texture"},
				"east": {"uv": [7, 6, 8, 1], "texture": "#texture"},
				"south": {"uv": [5, 6, 8, 1], "texture": "#texture"},
				"west": {"uv": [5, 6, 6, 1], "texture": "#texture"},
				"up": {"uv": [5, 5, 8, 6], "texture": "#texture"},
				"down": {"uv": [5, 1, 8, 2], "texture": "#texture"}
			}
		},
		{
			"from": [7, 0, 7],
			"to": [10, 1, 10],
			"faces": {
				"north": {"uv": [5, 0, 8, 3], "texture": "#texture"},
				"east": {"uv": [5, 0, 8, 3], "texture": "#texture"},
				"south": {"uv": [5, 0, 8, 3], "texture": "#texture"},
				"west": {"uv": [5, 0, 8, 3], "texture": "#texture"},
				"up": {"uv": [5, 0, 8, 3], "texture": "#texture"},
				"down": {"uv": [5, 0, 8, 3], "texture": "#texture"}
			}
		}
	]
}