{
	"credit": "Made with Blockbench",
	"ambientocclusion": false,
	"textures": {
		"2": "block/glass",
		"3": "item/glass_bottle",
		"particle": "block/flower_pot_ink",
		"flowerpot": "block/flower_pot_ink",
		"plant": "item/feather"
	},
	"elements": [
		{
			"from": [6, 1, 6],
			"to": [10, 1, 10],
			"rotation": {"angle": 0, "axis": "y", "origin": [19, 9, 15]},
			"faces": {
				"north": {"uv": [0, 0, 16, 16], "texture": "#2"},
				"east": {"uv": [0, 0, 16, 16], "texture": "#2"},
				"south": {"uv": [0, 0, 16, 16], "texture": "#2"},
				"west": {"uv": [0, 0, 16, 16], "texture": "#2"},
				"down": {"uv": [12, 0, 16, 4], "texture": "#flowerpot"}
			}
		},
		{
			"from": [6, 5, 6],
			"to": [10, 5, 10],
			"rotation": {"angle": 0, "axis": "y", "origin": [20, 13, 16]},
			"faces": {
				"north": {"uv": [0, 0, 16, 16], "texture": "#2"},
				"east": {"uv": [0, 0, 16, 16], "texture": "#2"},
				"south": {"uv": [0, 0, 16, 16], "texture": "#2"},
				"west": {"uv": [0, 0, 16, 16], "texture": "#2"},
				"up": {"uv": [12, 0, 16, 4], "texture": "#flowerpot"}
			}
		},
		{
			"from": [6, 5, 9],
			"to": [9, 7, 10],
			"rotation": {"angle": 0, "axis": "y", "origin": [7.5, 9.22727, 12.5]},
			"faces": {
				"south": {"uv": [0, 4, 8, 16], "rotation": 90, "texture": "#2"},
				"west": {"uv": [0, 0, 8, 4], "rotation": 90, "texture": "#2"},
				"up": {"uv": [12, 4, 16, 16], "rotation": 90, "texture": "#2"}
			}
		},
		{
			"from": [7, 5, 6],
			"to": [10, 7, 7],
			"rotation": {"angle": 0, "axis": "y", "origin": [7.5, 9.22727, 9.5]},
			"faces": {
				"north": {"uv": [0, 4, 8, 16], "rotation": 90, "texture": "#2"},
				"east": {"uv": [0, 0, 8, 4], "rotation": 90, "texture": "#2"},
				"up": {"uv": [0, 0, 4, 12], "rotation": 90, "texture": "#2"}
			}
		},
		{
			"from": [6, 5, 6],
			"to": [7, 7, 9],
			"rotation": {"angle": 0, "axis": "y", "origin": [6.5, 9.22727, 11.5]},
			"faces": {
				"north": {"uv": [0, 0, 8, 4], "rotation": 90, "texture": "#2"},
				"west": {"uv": [0, 4, 8, 16], "rotation": 90, "texture": "#2"},
				"up": {"uv": [0, 12, 12, 16], "rotation": 90, "texture": "#2"}
			}
		},
		{
			"from": [5, 1, 6],
			"to": [6, 5, 10],
			"rotation": {"angle": 0, "axis": "y", "origin": [5.5, 7.22727, 11.5]},
			"faces": {
				"north": {"uv": [0, 0, 16, 4], "rotation": 90, "texture": "#2"},
				"south": {"uv": [0, 12, 16, 16], "rotation": 90, "texture": "#2"},
				"west": {"uv": [0, 0, 16, 16], "rotation": 90, "texture": "#2"},
				"up": {"uv": [0, 12, 16, 16], "rotation": 90, "texture": "#2"},
				"down": {"uv": [0, 12, 16, 16], "rotation": 90, "texture": "#2"}
			}
		},
		{
			"from": [6, 0, 6],
			"to": [10, 1, 10],
			"rotation": {"angle": 0, "axis": "y", "origin": [6.5, 3.22727, 11.5]},
			"faces": {
				"north": {"uv": [12, 0, 16, 16], "rotation": 90, "texture": "#2"},
				"east": {"uv": [12, 0, 16, 16], "rotation": 90, "texture": "#2"},
				"south": {"uv": [12, 0, 16, 16], "rotation": 90, "texture": "#2"},
				"west": {"uv": [12, 0, 16, 16], "rotation": 90, "texture": "#2"},
				"down": {"uv": [0, 0, 16, 16], "rotation": 90, "texture": "#2"}
			}
		},
		{
			"from": [10, 1, 6],
			"to": [11, 5, 10],
			"rotation": {"angle": 0, "axis": "y", "origin": [10.5, 7.22727, 11.5]},
			"faces": {
				"north": {"uv": [0, 12, 16, 16], "rotation": 90, "texture": "#2"},
				"east": {"uv": [0, 0, 16, 16], "rotation": 90, "texture": "#2"},
				"south": {"uv": [0, 0, 16, 4], "rotation": 90, "texture": "#2"},
				"up": {"uv": [0, 0, 16, 4], "rotation": 90, "texture": "#2"},
				"down": {"uv": [0, 12, 16, 16], "rotation": 90, "texture": "#2"}
			}
		},
		{
			"from": [6, 1, 5],
			"to": [10, 5, 6],
			"rotation": {"angle": 0, "axis": "y", "origin": [9.5, 7.22727, 10.5]},
			"faces": {
				"north": {"uv": [0, 0, 16, 16], "rotation": 90, "texture": "#2"},
				"east": {"uv": [0, 0, 16, 4], "rotation": 90, "texture": "#2"},
				"west": {"uv": [0, 12, 16, 16], "rotation": 90, "texture": "#2"},
				"up": {"uv": [0, 0, 4, 16], "rotation": 90, "texture": "#2"},
				"down": {"uv": [12, 0, 16, 16], "rotation": 90, "texture": "#2"}
			}
		},
		{
			"from": [6, 1, 10],
			"to": [10, 5, 11],
			"rotation": {"angle": 0, "axis": "y", "origin": [9.5, 7.22727, 15.5]},
			"faces": {
				"east": {"uv": [0, 12, 16, 16], "rotation": 90, "texture": "#2"},
				"south": {"uv": [0, 0, 16, 16], "rotation": 90, "texture": "#2"},
				"west": {"uv": [0, 0, 16, 4], "rotation": 90, "texture": "#2"},
				"up": {"uv": [12, 0, 16, 16], "rotation": 90, "texture": "#2"},
				"down": {"uv": [0, 0, 4, 16], "rotation": 90, "texture": "#2"}
			}
		},
		{
			"from": [9, 5, 7],
			"to": [10, 7, 10],
			"rotation": {"angle": 0, "axis": "y", "origin": [9.5, 9.22727, 11.5]},
			"faces": {
				"east": {"uv": [0, 4, 8, 16], "rotation": 90, "texture": "#2"},
				"south": {"uv": [0, 0, 8, 4], "rotation": 90, "texture": "#2"},
				"up": {"uv": [4, 0, 16, 4], "rotation": 90, "texture": "#2"}
			}
		},
		{
			"from": [6, 1, 10],
			"to": [10, 5, 10],
			"rotation": {"angle": 0, "axis": "y", "origin": [4.5, 1.77273, 6.5]},
			"faces": {
				"east": {"uv": [0, 16, 16, 0], "texture": "#2"},
				"south": {"uv": [12, 4, 16, 0], "texture": "#flowerpot"},
				"west": {"uv": [0, 16, 16, 0], "texture": "#2"},
				"up": {"uv": [16, 0, 0, 16], "texture": "#2"},
				"down": {"uv": [16, 0, 0, 16], "texture": "#2"}
			}
		},
		{
			"from": [6, 1, 6],
			"to": [6, 5, 10],
			"rotation": {"angle": 0, "axis": "y", "origin": [9.5, 1.77273, 6.5]},
			"faces": {
				"north": {"uv": [0, 16, 16, 0], "texture": "#2"},
				"south": {"uv": [0, 16, 16, 0], "texture": "#2"},
				"west": {"uv": [12, 0, 16, 4], "texture": "#flowerpot"},
				"up": {"uv": [16, 0, 0, 16], "rotation": 90, "texture": "#2"},
				"down": {"uv": [16, 0, 0, 16], "rotation": 270, "texture": "#2"}
			}
		},
		{
			"from": [10, 1, 6],
			"to": [10, 5, 10],
			"rotation": {"angle": 0, "axis": "y", "origin": [13.5, 1.77273, 9.5]},
			"faces": {
				"north": {"uv": [0, 16, 16, 0], "texture": "#2"},
				"east": {"uv": [12, 4, 16, 0], "texture": "#flowerpot"},
				"south": {"uv": [0, 16, 16, 0], "texture": "#2"},
				"up": {"uv": [16, 0, 0, 16], "rotation": 90, "texture": "#2"},
				"down": {"uv": [16, 0, 0, 16], "rotation": 270, "texture": "#2"}
			}
		},
		{
			"from": [6, 1, 6],
			"to": [10, 5, 6],
			"rotation": {"angle": 0, "axis": "y", "origin": [7.5, 1.77273, 2.5]},
			"faces": {
				"north": {"uv": [12, 4, 16, 0], "texture": "#flowerpot"},
				"east": {"uv": [0, 16, 16, 0], "texture": "#2"},
				"west": {"uv": [0, 16, 16, 0], "texture": "#2"},
				"up": {"uv": [16, 0, 0, 16], "texture": "#2"},
				"down": {"uv": [16, 0, 0, 16], "texture": "#2"}
			}
		},
		{
			"name": "deckel",
			"from": [12.6, 0.6, 10.7],
			"to": [14.4, 2.4, 12.5],
			"rotation": {"angle": 22.5, "axis": "x", "origin": [13.5, 1.5, 11]},
			"faces": {
				"north": {"uv": [7, 2, 8, 5], "rotation": 90, "texture": "#3"},
				"east": {"uv": [10, 2, 7, 5], "rotation": 90, "texture": "#3"},
				"south": {"uv": [7, 5, 9, 2], "rotation": 90, "texture": "#3"},
				"west": {"uv": [10, 2, 7, 5], "rotation": 270, "texture": "#3"},
				"up": {"uv": [7, 2, 10, 5], "texture": "#3"},
				"down": {"uv": [7, 2, 10, 5], "rotation": 180, "texture": "#3"}
			}
		},
		{
			"name": "deckel",
			"from": [11.75, -0.25, 9.75],
			"to": [15.25, 3.25, 10.75],
			"rotation": {"angle": 22.5, "axis": "x", "origin": [13.5, 1.5, 11]},
			"faces": {
				"north": {"uv": [7, 2, 10, 5], "rotation": 90, "texture": "#3"},
				"east": {"uv": [7, 4, 10, 5], "rotation": 90, "texture": "#3"},
				"south": {"uv": [7, 5, 10, 2], "rotation": 90, "texture": "#3"},
				"west": {"uv": [10, 2, 7, 3], "rotation": 270, "texture": "#3"},
				"up": {"uv": [7, 5, 8, 2], "rotation": 90, "texture": "#3"},
				"down": {"uv": [9, 2, 10, 5], "rotation": 270, "texture": "#3"}
			}
		},
		{
			"name": "feder",
			"from": [8, 3.25, -1.75],
			"to": [8, 14.25, 10.25],
			"rotation": {"angle": 0, "axis": "x", "origin": [16, -0.75, 2.25]},
			"faces": {
				"north": {"uv": [0, 0, 0, 16], "rotation": 180, "texture": "#missing"},
				"east": {"uv": [16, 0, 0, 16], "rotation": 90, "texture": "#plant"},
				"south": {"uv": [0, 0, 0, 16], "texture": "#missing"},
				"west": {"uv": [0, 0, 16, 16], "rotation": 270, "texture": "#plant"},
				"up": {"uv": [0, 0, 16, 16], "texture": "#plant"},
				"down": {"uv": [16, 0, 0, 16], "rotation": 180, "texture": "#plant"}
			}
		},
		{
			"from": [7, 5, 9],
			"to": [9, 7, 9],
			"faces": {
				"north": {"uv": [8, 0, 16, 8], "texture": "#2"},
				"east": {"uv": [0, 0, 16, 16], "texture": "#2"},
				"south": {"uv": [0, 0, 16, 16], "texture": "#2"},
				"west": {"uv": [0, 0, 16, 16], "texture": "#2"}
			}
		},
		{
			"from": [7, 5, 7],
			"to": [9, 7, 7],
			"faces": {
				"north": {"uv": [0, 0, 16, 16], "texture": "#2"},
				"east": {"uv": [0, 0, 16, 16], "texture": "#2"},
				"south": {"uv": [8, 16, 16, 8], "texture": "#2"},
				"west": {"uv": [0, 0, 16, 16], "texture": "#2"}
			}
		},
		{
			"from": [7, 5, 7],
			"to": [7, 7, 9],
			"faces": {
				"north": {"uv": [0, 0, 16, 16], "texture": "#2"},
				"east": {"uv": [0, 16, 8, 8], "texture": "#2"},
				"south": {"uv": [0, 0, 16, 16], "texture": "#2"},
				"west": {"uv": [0, 0, 16, 16], "texture": "#2"},
				"up": {"uv": [0, 0, 16, 16], "texture": "#2"},
				"down": {"uv": [0, 0, 16, 16], "texture": "#2"}
			}
		},
		{
			"from": [9, 5, 7],
			"to": [9, 7, 9],
			"faces": {
				"north": {"uv": [0, 0, 16, 16], "texture": "#2"},
				"east": {"uv": [0, 0, 16, 16], "texture": "#2"},
				"south": {"uv": [0, 0, 16, 16], "texture": "#2"},
				"west": {"uv": [0, 0, 8, 8], "texture": "#2"},
				"up": {"uv": [0, 0, 16, 16], "texture": "#2"},
				"down": {"uv": [0, 0, 16, 16], "texture": "#2"}
			}
		}
	]
}