{
	"credit": "Made with Blockbench",
	"textures": {
		"0": "block/glass",
		"2": "block/sweet_berry_juice",
		"particle": "block/glass"
	},
	"elements": [
		{
			"from": [6, 0, 6],
			"to": [10, 1, 10],
			"faces": {
				"north": {"uv": [12, 0, 16, 16], "rotation": 90, "texture": "#0"},
				"east": {"uv": [0, 0, 16, 4], "rotation": 180, "texture": "#0"},
				"south": {"uv": [0, 12, 16, 16], "texture": "#0"},
				"west": {"uv": [0, 12, 16, 16], "texture": "#0"},
				"up": {"uv": [0, 0, 16, 16], "texture": "#0"},
				"down": {"uv": [0, 0, 16, 16], "rotation": 270, "texture": "#0"}
			}
		},
		{
			"from": [7.5, 1, 7.5],
			"to": [8.5, 5, 8.5],
			"faces": {
				"north": {"uv": [15, 12, 16, 16], "texture": "#0"},
				"east": {"uv": [15, 12, 16, 16], "texture": "#0"},
				"south": {"uv": [15, 12, 16, 16], "texture": "#0"},
				"west": {"uv": [15, 12, 16, 16], "texture": "#0"},
				"up": {"uv": [15, 12, 16, 13], "texture": "#0"},
				"down": {"uv": [15, 15, 16, 16], "texture": "#0"}
			}
		},
		{
			"from": [7, 5, 7],
			"to": [9, 6, 9],
			"faces": {
				"north": {"uv": [16, 4, 8, 0], "texture": "#0"},
				"east": {"uv": [0, 4, 8, 0], "texture": "#0"},
				"south": {"uv": [16, 12, 8, 16], "texture": "#0"},
				"west": {"uv": [0, 12, 8, 16], "texture": "#0"},
				"up": {"uv": [0, 0, 8, 8], "texture": "#0"},
				"down": {"uv": [0, 0, 8, 8], "texture": "#0"}
			}
		},
		{
			"from": [7, 6, 9],
			"to": [9, 7, 10],
			"faces": {
				"east": {"uv": [1, 2, 3, 3], "texture": "#0"},
				"south": {"uv": [4, 12, 12, 16], "texture": "#0"},
				"west": {"uv": [1, 2, 3, 3], "texture": "#0"},
				"down": {"uv": [4, 16, 12, 12], "texture": "#0"}
			}
		},
		{
			"from": [7, 6, 6],
			"to": [9, 7, 7],
			"faces": {
				"north": {"uv": [4, 12, 12, 16], "texture": "#0"},
				"east": {"uv": [1, 1, 3, 2], "texture": "#0"},
				"south": {"uv": [1, 1, 3, 2], "texture": "#0"},
				"west": {"uv": [1, 1, 3, 2], "texture": "#0"},
				"up": {"uv": [1, 1, 3, 2], "texture": "#0"},
				"down": {"uv": [4, 12, 12, 16], "texture": "#0"}
			}
		},
		{
			"from": [6, 6, 6],
			"to": [7, 7, 10],
			"faces": {
				"north": {"uv": [12, 12, 16, 16], "texture": "#0"},
				"south": {"uv": [0, 12, 4, 16], "texture": "#0"},
				"west": {"uv": [0, 12, 16, 16], "texture": "#0"},
				"down": {"uv": [12, 0, 16, 16], "rotation": 180, "texture": "#0"}
			}
		},
		{
			"from": [9, 6, 6],
			"to": [10, 7, 10],
			"faces": {
				"north": {"uv": [0, 12, 4, 16], "texture": "#0"},
				"east": {"uv": [0, 12, 16, 16], "texture": "#0"},
				"south": {"uv": [12, 12, 16, 16], "texture": "#0"},
				"down": {"uv": [12, 0, 16, 16], "texture": "#0"}
			}
		},
		{
			"from": [5, 7, 6],
			"to": [6, 10, 10],
			"faces": {
				"north": {"uv": [15, 0, 16, 3], "texture": "#0"},
				"east": {"uv": [4, 0, 16, 16], "rotation": 270, "texture": "#0"},
				"south": {"uv": [15, 0, 16, 3], "texture": "#0"},
				"west": {"uv": [0, 0, 16, 12], "texture": "#0"},
				"up": {"uv": [12, 0, 16, 1], "rotation": 90, "texture": "#0"},
				"down": {"uv": [0, 0, 16, 4], "rotation": 270, "texture": "#0"}
			}
		},
		{
			"from": [10, 7, 6],
			"to": [11, 10, 10],
			"faces": {
				"north": {"uv": [16, 12, 15, 15], "texture": "#0"},
				"east": {"uv": [0, 0, 16, 12], "texture": "#0"},
				"south": {"uv": [0, 12, 1, 15], "texture": "#0"},
				"west": {"uv": [4, 0, 16, 16], "rotation": 270, "texture": "#0"},
				"up": {"uv": [11, 15, 15, 16], "rotation": 270, "texture": "#0"},
				"down": {"uv": [12, 0, 16, 16], "texture": "#0"}
			}
		},
		{
			"from": [6, 7, 10],
			"to": [10, 10, 11],
			"faces": {
				"north": {"uv": [0, 0, 16, 12], "texture": "#0"},
				"east": {"uv": [0, 0, 1, 3], "texture": "#0"},
				"south": {"uv": [0, 0, 16, 12], "texture": "#0"},
				"west": {"uv": [0, 0, 1, 3], "texture": "#0"},
				"up": {"uv": [0, 0, 4, 1], "texture": "#0"},
				"down": {"uv": [0, 0, 16, 4], "texture": "#0"}
			}
		},
		{
			"from": [6, 7, 5],
			"to": [10, 10, 6],
			"faces": {
				"north": {"uv": [4, 0, 16, 16], "rotation": 270, "texture": "#0"},
				"east": {"uv": [4, 0, 7, 1], "rotation": 270, "texture": "#0"},
				"south": {"uv": [12, 0, 0, 16], "rotation": 270, "texture": "#0"},
				"west": {"uv": [0, 0, 3, 1], "rotation": 270, "texture": "#0"},
				"up": {"uv": [0, 3, 1, 7], "rotation": 270, "texture": "#0"},
				"down": {"uv": [0, 0, 4, 16], "rotation": 270, "texture": "#0"}
			}
		},
		{
			"from": [7, 6, 7],
			"to": [9, 7, 9],
			"faces": {
				"north": {"uv": [0, 2, 5, 5], "texture": "#2"},
				"east": {"uv": [8, 6, 13, 9], "texture": "#2"},
				"south": {"uv": [1, 9, 6, 12], "texture": "#2"},
				"west": {"uv": [2, 5, 7, 8], "texture": "#2"},
				"up": {"uv": [8, 9, 13, 14], "texture": "#2"},
				"down": {"uv": [8, 1, 13, 6], "texture": "#2"}
			}
		},
		{
			"from": [6, 7, 6],
			"to": [10, 9, 10],
			"faces": {
				"north": {"uv": [2, 5, 10, 9], "texture": "#2"},
				"east": {"uv": [6, 10, 14, 14], "texture": "#2"},
				"south": {"uv": [0, 12, 8, 16], "texture": "#2"},
				"west": {"uv": [8, 1, 16, 5], "texture": "#2"},
				"up": {"uv": [2, 1, 10, 9], "texture": "#2"},
				"down": {"uv": [6, 7, 14, 15], "texture": "#2"}
			}
		}
	]
}