{
	"credit": "Made with Blockbench",
	"textures": {
		"0": "block/seagrass_big",
		"particle": "block/seagrass_big"
	},
	"elements": [
		{
			"from": [4, 0, 0],
			"to": [4, 32, 16],
			"rotation": {"angle": 0, "axis": "y", "origin": [12, 8, 8]},
			"faces": {
				"east": {"uv": [0, 0, 7.5, 16], "texture": "#0"},
				"west": {"uv": [0, 0, 7.5, 16], "texture": "#0"}
			}
		},
		{
			"from": [0, 0, 12],
			"to": [16, 32, 12],
			"rotation": {"angle": 0, "axis": "y", "origin": [8, 8, 20]},
			"faces": {
				"north": {"uv": [0, 0, 7.5, 16], "texture": "#0"},
				"south": {"uv": [0, 0, 7.5, 16], "texture": "#0"}
			}
		},
		{
			"from": [12, 0, 0],
			"to": [12, 32, 16],
			"rotation": {"angle": 0, "axis": "y", "origin": [20, 8, 8]},
			"faces": {
				"east": {"uv": [0, 0, 7.5, 16], "texture": "#0"},
				"west": {"uv": [0, 0, 7.5, 16], "texture": "#0"}
			}
		},
		{
			"from": [0, 0, 4],
			"to": [16, 32, 4],
			"rotation": {"angle": 0, "axis": "y", "origin": [8, 8, 11]},
			"faces": {
				"north": {"uv": [0, 0, 7.5, 16], "texture": "#0"},
				"south": {"uv": [0, 0, 7.5, 16], "texture": "#0"}
			}
		}
	]
}