{
    "textures": {
        "particle": "block/cake/cake_side",
        "bottom": "block/cake/cake_bottom",
        "top": "block/cake/cake_top1",
        "side": "block/cake/cake_side",
        "inside": "block/cake/cake_inner"
    },
    "elements": [
        {   "from": [ 7, 0, 1 ],
            "to": [ 15, 8, 15 ],
            "faces": {
                "down":  { "texture": "#bottom", "cullface": "down" },
                "up":    { "texture": "#top" },
                "north": { "texture": "#side" },
                "south": { "texture": "#side" },
                "west":  { "texture": "#inside" },
                "east":  { "texture": "#side" }
            }
        }
    ]
}
