{
	"credit": "Made with Blockbench",
	"parent": "item/generated",
	"textures": {
		"layer0": "twin_bow/twin_bow"
	},
	"display": {
		"thirdperson_righthand": {
			"rotation": [-80, 260, -40],
			"translation": [-1, 6.5, 4],
			"scale": [1.8, 1.8, 0.9]
		},
		"thirdperson_lefthand": {
			"rotation": [-80, -280, 40],
			"translation": [-1, 6.5, 3.75],
			"scale": [1.8, 1.8, 0.9]
		},
		"firstperson_righthand": {
			"rotation": [0, -90, 25],
			"translation": [3.5, 10.25, 1.13],
			"scale": [1.36, 1.36, 0.68]
		},
		"firstperson_lefthand": {
			"rotation": [1, 90, -25],
			"translation": [3.25, 8.5, 1.25],
			"scale": [1.36, 1.36, 0.68]
		},
		"ground": {
			"translation": [0, 12, 0],
			"scale": [2, 2, 1]
		},
		"gui": {
			"translation": [6.75, 7, 0],
			"scale": [2, 2, 1]
		},
		"fixed": {
			"translation": [7, 7, 0],
			"scale": [2, 2, 1]
		}
	}
}