{
	"credit": "Made with Blockbench",
	"texture_size": [32, 32],
	"textures": {
		"0": "./paladin",
		"particle": "./paladin"
	},
	"elements": [
		{
			"from": [0, 0, 0],
			"to": [14, 22, 1],
			"faces": {
				"north": {"uv": [0.25, 10.5, 3.75, 16], "texture": "#0"},
				"east": {"uv": [4, 10.5, 4.25, 16], "texture": "#0"},
				"south": {"uv": [4, 10.5, 7.5, 16], "texture": "#0"},
				"west": {"uv": [3.5, 10.5, 3.75, 16], "texture": "#0"},
				"up": {"uv": [0.25, 10.5, 3.75, 10.75], "texture": "#0"},
				"down": {"uv": [4, 15.75, 7.5, 16], "texture": "#0"}
			}
		},
		{
			"from": [6, 8, 1],
			"to": [8, 9, 6],
			"rotation": {"angle": 0, "axis": "y", "origin": [15, 16, 9]},
			"faces": {
				"north": {"uv": [10, 1.5, 10.5, 3], "texture": "#0"},
				"east": {"uv": [10, 1.5, 10.5, 3], "rotation": 90, "texture": "#0"},
				"south": {"uv": [10, 1.5, 10.5, 3], "texture": "#0"},
				"west": {"uv": [10, 1.5, 10.5, 3], "rotation": 90, "texture": "#0"},
				"up": {"uv": [10, 1.5, 10.5, 3], "texture": "#0"},
				"down": {"uv": [10, 1.5, 10.5, 3], "texture": "#0"}
			}
		},
		{
			"from": [6, 13, 1],
			"to": [8, 14, 6],
			"rotation": {"angle": 0, "axis": "y", "origin": [15, 21, 9]},
			"faces": {
				"north": {"uv": [10, 1.5, 10.5, 3], "texture": "#0"},
				"east": {"uv": [10, 1.5, 10.5, 3], "rotation": 90, "texture": "#0"},
				"south": {"uv": [10, 1.5, 10.5, 3], "texture": "#0"},
				"west": {"uv": [10, 1.5, 10.5, 3], "rotation": 90, "texture": "#0"},
				"up": {"uv": [10, 1.5, 10.5, 3], "texture": "#0"},
				"down": {"uv": [10, 1.5, 10.5, 3], "texture": "#0"}
			}
		},
		{
			"from": [6, 8, 6],
			"to": [8, 14, 7],
			"rotation": {"angle": 0, "axis": "y", "origin": [14, 16, 14]},
			"faces": {
				"north": {"uv": [8, 0, 8.5, 1.5], "texture": "#0"},
				"east": {"uv": [8, 0, 8.5, 1.5], "texture": "#0"},
				"south": {"uv": [8, 0, 8.5, 1.5], "texture": "#0"},
				"west": {"uv": [8, 0, 8.5, 1.5], "texture": "#0"},
				"up": {"uv": [8, 1.25, 8.5, 1.5], "texture": "#0"},
				"down": {"uv": [8, 1.25, 8.5, 1.5], "texture": "#0"}
			}
		}
	],
	"gui_light": "front",
	"display": {
		"thirdperson_righthand": {
			"rotation": [0, -90, 0],
			"translation": [-4.25, -5, 5]
		},
		"thirdperson_lefthand": {
			"rotation": [0, -90, 0],
			"translation": [-4.25, -5, 3]
		},
		"firstperson_righthand": {
			"rotation": [0, -28, 0],
			"translation": [5.75, -8.25, 0.75]
		},
		"firstperson_lefthand": {
			"rotation": [0, -28, 0],
			"translation": [4.75, -8.25, 0.75]
		},
		"ground": {
			"translation": [0, 3, 0],
			"scale": [0.7, 0.7, 0.7]
		},
		"gui": {
			"rotation": [0, -180, 0],
			"translation": [-0.5, -2, 0],
			"scale": [0.7, 0.7, 0.7]
		},
		"fixed": {
			"translation": [0.5, -2, 4.75],
			"scale": [0.7, 0.7, 0.7]
		}
	}
}