{
	"credit": "Made with Blockbench",
	"textures": {
		"0": "./axe",
		"particle": "./axe"
	},
	"elements": [
		{
			"from": [13, 1, 7.25],
			"to": [15, 3, 7.75],
			"rotation": {"angle": 0, "axis": "y", "origin": [7, 9, 15]},
			"faces": {
				"north": {"uv": [1, 13, 3, 15], "texture": "#0"},
				"east": {"uv": [1, 13, 1.5, 15], "texture": "#0"},
				"south": {"uv": [3, 13, 1, 15], "texture": "#0"},
				"west": {"uv": [2, 13, 2.5, 15], "texture": "#0"},
				"up": {"uv": [3, 13, 1, 14], "texture": "#0"},
				"down": {"uv": [3, 14, 1, 14.5], "texture": "#0"}
			}
		},
		{
			"from": [11, 3, 7],
			"to": [13, 5, 8],
			"rotation": {"angle": 0, "axis": "y", "origin": [7, 9, 15]},
			"faces": {
				"north": {"uv": [3, 11, 5, 13], "texture": "#0"},
				"east": {"uv": [3, 11, 4, 13], "texture": "#0"},
				"south": {"uv": [5, 11, 3, 13], "texture": "#0"},
				"west": {"uv": [4, 11, 5, 13], "texture": "#0"},
				"up": {"uv": [5, 11, 3, 12], "texture": "#0"},
				"down": {"uv": [5, 12, 3, 13], "texture": "#0"}
			}
		},
		{
			"from": [9, 5, 7.25],
			"to": [11, 7, 7.75],
			"rotation": {"angle": 0, "axis": "y", "origin": [7, 9, 15]},
			"faces": {
				"north": {"uv": [5, 9, 7, 11], "texture": "#0"},
				"east": {"uv": [5, 9, 5.5, 11], "texture": "#0"},
				"south": {"uv": [7, 9, 5, 11], "texture": "#0"},
				"west": {"uv": [6, 9, 6.5, 11], "texture": "#0"},
				"up": {"uv": [7, 9, 5, 9.5], "texture": "#0"},
				"down": {"uv": [7, 10, 5, 10.5], "texture": "#0"}
			}
		},
		{
			"from": [7, 9, 7.25],
			"to": [8, 10, 7.75],
			"rotation": {"angle": 0, "axis": "y", "origin": [7, 9, 15]},
			"faces": {
				"north": {"uv": [8, 6, 9, 7], "texture": "#0"},
				"east": {"uv": [8, 6, 9, 7], "texture": "#0"},
				"south": {"uv": [8, 6, 9, 7], "texture": "#0"},
				"west": {"uv": [8, 6, 9, 7], "texture": "#0"},
				"up": {"uv": [8, 6, 9, 7], "rotation": 90, "texture": "#0"},
				"down": {"uv": [8, 6, 9, 7], "rotation": 270, "texture": "#0"}
			}
		},
		{
			"from": [7, 10, 7],
			"to": [8, 11, 8],
			"rotation": {"angle": 0, "axis": "y", "origin": [7, 9, 15]},
			"faces": {
				"north": {"uv": [8, 5, 9, 6], "texture": "#0"},
				"east": {"uv": [8, 5, 9, 6], "texture": "#0"},
				"south": {"uv": [8, 5, 9, 6], "texture": "#0"},
				"west": {"uv": [8, 5, 9, 6], "texture": "#0"},
				"up": {"uv": [8, 5, 9, 6], "rotation": 90, "texture": "#0"},
				"down": {"uv": [8, 5, 9, 6], "rotation": 270, "texture": "#0"}
			}
		},
		{
			"from": [4, 11, 7.25],
			"to": [6, 12, 7.75],
			"rotation": {"angle": 0, "axis": "y", "origin": [7, 9, 15]},
			"faces": {
				"north": {"uv": [10, 4, 12, 5], "texture": "#0"},
				"east": {"uv": [8, 5, 9, 6], "texture": "#0"},
				"south": {"uv": [12, 4, 10, 5], "texture": "#0"},
				"west": {"uv": [11, 4, 12, 5], "texture": "#0"},
				"up": {"uv": [12, 4, 10, 4.5], "texture": "#0"},
				"down": {"uv": [8, 5, 9, 6], "rotation": 270, "texture": "#0"}
			}
		},
		{
			"from": [4, 10, 7.25],
			"to": [5, 11, 7.75],
			"rotation": {"angle": 0, "axis": "y", "origin": [7, 9, 15]},
			"faces": {
				"north": {"uv": [11, 5, 12, 6], "texture": "#0"},
				"east": {"uv": [11, 5, 12, 6], "texture": "#0"},
				"south": {"uv": [11, 5, 12, 6], "texture": "#0"},
				"west": {"uv": [11, 5, 12, 6], "texture": "#0"},
				"up": {"uv": [11, 5, 12, 6], "rotation": 90, "texture": "#0"},
				"down": {"uv": [11, 5, 12, 6], "rotation": 270, "texture": "#0"}
			}
		},
		{
			"from": [6, 8, 7.25],
			"to": [7, 9, 7.75],
			"rotation": {"angle": 0, "axis": "y", "origin": [7, 9, 15]},
			"faces": {
				"north": {"uv": [9, 7, 10, 8], "texture": "#0"},
				"east": {"uv": [9, 7, 10, 8], "texture": "#0"},
				"south": {"uv": [9, 7, 10, 8], "texture": "#0"},
				"west": {"uv": [9, 7, 10, 8], "texture": "#0"},
				"up": {"uv": [9, 7, 10, 8], "rotation": 90, "texture": "#0"},
				"down": {"uv": [9, 7, 10, 8], "rotation": 270, "texture": "#0"}
			}
		},
		{
			"from": [7, 7, 7.25],
			"to": [9, 9, 7.75],
			"rotation": {"angle": 0, "axis": "y", "origin": [7, 9, 15]},
			"faces": {
				"north": {"uv": [7, 7, 9, 9], "texture": "#0"},
				"east": {"uv": [7, 7, 7.5, 9], "texture": "#0"},
				"south": {"uv": [9, 7, 7, 9], "texture": "#0"},
				"west": {"uv": [8, 7, 8.5, 9], "texture": "#0"},
				"up": {"uv": [9, 7, 7, 7.5], "texture": "#0"},
				"down": {"uv": [9, 8, 7, 8.5], "texture": "#0"}
			}
		},
		{
			"from": [5, 8, 7],
			"to": [6, 11, 8],
			"rotation": {"angle": 0, "axis": "y", "origin": [7, 9, 15]},
			"faces": {
				"north": {"uv": [10, 5, 11, 8], "texture": "#0"},
				"east": {"uv": [10, 5, 11, 8], "texture": "#0"},
				"south": {"uv": [10, 5, 11, 8], "texture": "#0"},
				"west": {"uv": [10, 5, 11, 8], "texture": "#0"},
				"up": {"uv": [10, 5, 11, 6], "rotation": 90, "texture": "#0"},
				"down": {"uv": [10, 7, 11, 8], "rotation": 270, "texture": "#0"}
			}
		},
		{
			"from": [6, 9, 7],
			"to": [7, 12, 8],
			"rotation": {"angle": 0, "axis": "y", "origin": [7, 9, 15]},
			"faces": {
				"north": {"uv": [9, 4, 10, 7], "texture": "#0"},
				"east": {"uv": [9, 4, 10, 7], "texture": "#0"},
				"south": {"uv": [9, 4, 10, 7], "texture": "#0"},
				"west": {"uv": [9, 4, 10, 7], "texture": "#0"},
				"up": {"uv": [9, 4, 10, 5], "rotation": 90, "texture": "#0"},
				"down": {"uv": [9, 6, 10, 7], "rotation": 270, "texture": "#0"}
			}
		},
		{
			"from": [3, 5, 7],
			"to": [5, 10, 8],
			"rotation": {"angle": 0, "axis": "y", "origin": [7, 9, 15]},
			"faces": {
				"north": {"uv": [11, 6, 13, 11], "texture": "#0"},
				"east": {"uv": [11, 6, 12, 11], "texture": "#0"},
				"south": {"uv": [13, 6, 11, 11], "texture": "#0"},
				"west": {"uv": [12, 6, 13, 11], "texture": "#0"},
				"up": {"uv": [13, 6, 11, 7], "texture": "#0"},
				"down": {"uv": [13, 10, 11, 11], "texture": "#0"}
			}
		},
		{
			"from": [14, 0, 7.25],
			"to": [15, 1, 7.75],
			"rotation": {"angle": 0, "axis": "y", "origin": [7, 9, 15]},
			"faces": {
				"north": {"uv": [1, 15, 2, 16], "texture": "#0"},
				"east": {"uv": [1, 15, 2, 16], "texture": "#0"},
				"south": {"uv": [1, 15, 2, 16], "texture": "#0"},
				"west": {"uv": [1, 15, 2, 16], "texture": "#0"},
				"up": {"uv": [1, 15, 2, 16], "rotation": 90, "texture": "#0"},
				"down": {"uv": [1, 15, 2, 16], "rotation": 270, "texture": "#0"}
			}
		},
		{
			"from": [12, 2, 7],
			"to": [13, 3, 8],
			"rotation": {"angle": 0, "axis": "y", "origin": [7, 9, 15]},
			"faces": {
				"north": {"uv": [3, 13, 4, 14], "texture": "#0"},
				"east": {"uv": [3, 13, 4, 14], "texture": "#0"},
				"south": {"uv": [3, 13, 4, 14], "texture": "#0"},
				"west": {"uv": [3, 13, 4, 14], "texture": "#0"},
				"up": {"uv": [3, 13, 4, 14], "rotation": 90, "texture": "#0"},
				"down": {"uv": [3, 13, 4, 14], "rotation": 270, "texture": "#0"}
			}
		},
		{
			"from": [10, 4, 7],
			"to": [11, 5, 8],
			"rotation": {"angle": 0, "axis": "y", "origin": [7, 9, 15]},
			"faces": {
				"north": {"uv": [5, 11, 6, 12], "texture": "#0"},
				"east": {"uv": [5, 11, 6, 12], "texture": "#0"},
				"south": {"uv": [5, 11, 6, 12], "texture": "#0"},
				"west": {"uv": [5, 11, 6, 12], "texture": "#0"},
				"up": {"uv": [5, 11, 6, 12], "rotation": 90, "texture": "#0"},
				"down": {"uv": [5, 11, 6, 12], "rotation": 270, "texture": "#0"}
			}
		},
		{
			"from": [8, 6, 7.25],
			"to": [9, 7, 7.75],
			"rotation": {"angle": 0, "axis": "y", "origin": [7, 9, 15]},
			"faces": {
				"north": {"uv": [7, 9, 8, 10], "texture": "#0"},
				"east": {"uv": [7, 9, 8, 10], "texture": "#0"},
				"south": {"uv": [7, 9, 8, 10], "texture": "#0"},
				"west": {"uv": [7, 9, 8, 10], "texture": "#0"},
				"up": {"uv": [7, 9, 8, 10], "rotation": 90, "texture": "#0"},
				"down": {"uv": [7, 9, 8, 10], "rotation": 270, "texture": "#0"}
			}
		},
		{
			"from": [2, 6, 7],
			"to": [3, 7, 8],
			"rotation": {"angle": 0, "axis": "y", "origin": [7, 9, 15]},
			"faces": {
				"north": {"uv": [13, 9, 14, 10], "texture": "#0"},
				"east": {"uv": [13, 9, 14, 10], "texture": "#0"},
				"south": {"uv": [13, 9, 14, 10], "texture": "#0"},
				"west": {"uv": [13, 9, 14, 10], "texture": "#0"},
				"up": {"uv": [13, 9, 14, 10], "rotation": 90, "texture": "#0"},
				"down": {"uv": [13, 9, 14, 10], "rotation": 270, "texture": "#0"}
			}
		},
		{
			"from": [1, 7, 7],
			"to": [3, 9, 8],
			"rotation": {"angle": 0, "axis": "y", "origin": [7, 9, 15]},
			"faces": {
				"north": {"uv": [13, 7, 15, 9], "texture": "#0"},
				"east": {"uv": [13, 9, 14, 10], "texture": "#0"},
				"south": {"uv": [15, 7, 13, 9], "texture": "#0"},
				"west": {"uv": [14, 7, 15, 9], "texture": "#0"},
				"up": {"uv": [15, 7, 13, 8], "texture": "#0"},
				"down": {"uv": [13, 9, 14, 10], "rotation": 270, "texture": "#0"}
			}
		},
		{
			"from": [4, 4, 7],
			"to": [6, 5, 8],
			"rotation": {"angle": 0, "axis": "y", "origin": [7, 9, 15]},
			"faces": {
				"north": {"uv": [10, 11, 12, 12], "texture": "#0"},
				"east": {"uv": [10, 11, 11, 12], "texture": "#0"},
				"south": {"uv": [12, 11, 10, 12], "texture": "#0"},
				"west": {"uv": [11, 11, 12, 12], "texture": "#0"},
				"up": {"uv": [0, 0, 0.53333, 2.66667], "rotation": 90, "texture": "#missing"},
				"down": {"uv": [12, 11, 10, 12], "texture": "#0"}
			}
		},
		{
			"from": [5, 5, 7],
			"to": [6, 6, 8],
			"rotation": {"angle": 0, "axis": "y", "origin": [7, 9, 15]},
			"faces": {
				"north": {"uv": [10, 10, 11, 11], "texture": "#0"},
				"east": {"uv": [10, 10, 11, 11], "texture": "#0"},
				"south": {"uv": [10, 10, 11, 11], "texture": "#0"},
				"west": {"uv": [10, 10, 11, 11], "texture": "#0"},
				"up": {"uv": [10, 10, 11, 11], "rotation": 90, "texture": "#0"},
				"down": {"uv": [10, 10, 11, 11], "rotation": 270, "texture": "#0"}
			}
		},
		{
			"from": [9, 7, 7.25],
			"to": [10, 8, 7.75],
			"rotation": {"angle": 0, "axis": "y", "origin": [7, 9, 15]},
			"faces": {
				"north": {"uv": [6, 8, 7, 9], "texture": "#0"},
				"east": {"uv": [6, 8, 7, 9], "texture": "#0"},
				"south": {"uv": [6, 8, 7, 9], "texture": "#0"},
				"west": {"uv": [6, 8, 7, 9], "texture": "#0"},
				"up": {"uv": [6, 8, 7, 9], "rotation": 90, "texture": "#0"},
				"down": {"uv": [6, 8, 7, 9], "rotation": 270, "texture": "#0"}
			}
		},
		{
			"from": [11, 5, 7],
			"to": [12, 6, 8],
			"rotation": {"angle": 0, "axis": "y", "origin": [7, 9, 15]},
			"faces": {
				"north": {"uv": [4, 10, 5, 11], "texture": "#0"},
				"east": {"uv": [4, 10, 5, 11], "texture": "#0"},
				"south": {"uv": [4, 10, 5, 11], "texture": "#0"},
				"west": {"uv": [4, 10, 5, 11], "texture": "#0"},
				"up": {"uv": [4, 10, 5, 11], "rotation": 90, "texture": "#0"},
				"down": {"uv": [4, 10, 5, 11], "rotation": 270, "texture": "#0"}
			}
		},
		{
			"from": [13, 3, 7],
			"to": [14, 4, 8],
			"rotation": {"angle": 0, "axis": "y", "origin": [7, 9, 15]},
			"faces": {
				"north": {"uv": [2, 12, 3, 13], "texture": "#0"},
				"east": {"uv": [2, 12, 3, 13], "texture": "#0"},
				"south": {"uv": [2, 12, 3, 13], "texture": "#0"},
				"west": {"uv": [2, 12, 3, 13], "texture": "#0"},
				"up": {"uv": [2, 12, 3, 13], "rotation": 90, "texture": "#0"},
				"down": {"uv": [2, 12, 3, 13], "rotation": 270, "texture": "#0"}
			}
		},
		{
			"from": [15, 1, 7.25],
			"to": [16, 2, 7.75],
			"rotation": {"angle": 0, "axis": "y", "origin": [7, 9, 15]},
			"faces": {
				"north": {"uv": [0, 14, 1, 15], "texture": "#0"},
				"east": {"uv": [0, 14, 1, 15], "texture": "#0"},
				"south": {"uv": [0, 14, 1, 15], "texture": "#0"},
				"west": {"uv": [0, 14, 1, 15], "texture": "#0"},
				"up": {"uv": [0, 14, 1, 15], "rotation": 90, "texture": "#0"},
				"down": {"uv": [0, 14, 1, 15], "rotation": 270, "texture": "#0"}
			}
		}
	],
	"gui_light": "front",
	"display": {
		"thirdperson_righthand": {
			"rotation": [0, -90, -45],
			"translation": [-0.5, 3.75, 1.25]
		},
		"thirdperson_lefthand": {
			"rotation": [0, 90, 45],
			"translation": [0.5, 3.75, 1.5]
		},
		"firstperson_righthand": {
			"rotation": [0, -90, -27],
			"translation": [0.75, 5, 0.75]
		},
		"firstperson_lefthand": {
			"rotation": [0, 90, 27],
			"translation": [1.75, 5, 0.75]
		},
		"ground": {
			"translation": [0, 3, 0],
			"scale": [0.7, 0.7, 0.7]
		},
		"gui": {
			"rotation": [0, -180, 0],
			"translation": [0.5, 1.75, 0]
		},
		"fixed": {
			"translation": [-1, 1.75, 0]
		}
	}
}